ii,g_1_sproc,g_1_scob,g_1_valor,g_1_quitado,g_1_quitou,g_2_sproc,g_2_scob,g_2_valor,g_2_quitado,g_2_quitou,g_3_sproc,g_3_scob,g_3_valor,g_3_quitado,g_3_quitou,g_4_sproc,g_4_scob,g_4_valor,g_4_quitado,g_4_quitou,g_5_sproc,g_5_scob,g_5_valor,g_5_quitado,g_5_quitou,g_6_sproc,g_6_scob,g_6_valor,g_6_quitado,g_6_quitou
3417031-6,D,S,5060.0,1242.0,NAO,,,,,,,,,,,,,,,,,,,,,,,,,
3417032-4,D,S,3708.0,1251.98,NAO,,,,,,,,,,,,,,,,,,,,,,,,,
3417033-2,D,S,7206.0,7059.77,NAO,,,,,,,,,,,,,,,,,,,,,,,,,
3417034-0,D,S,4104.0,1008.0,NAO,,,,,,,,,,,,,,,,,,,,,,,,,
3417035-7,D,S,3290.0,808.0,NAO,,,,,,,,,,,,,,,,,,,,,,,,,
3417036-5,D,S,10557.0,10557.0,SIM,,,,,,,,,,,,,,,,,,,,,,,,,
3417037-3,D,S,5007.0,1229.0,NAO,,,,,,,,,,,,,,,,,,,,,,,,,
3417038-1,D,S,4644.0,1140.0,NAO,,,,,,,,,,,,,,,,,,,,,,,,,
3417039-9,D,S,5007.0,1229.0,NAO,,,,,,,,,,,,,,,,,,,,,,,,,
3417040-7,D,S,2503.0,1482.01,NAO,,,,,,,,,,,,,,,,,,,,,,,,,
3417041-5,D,S,2503.0,615.0,NAO,,,,,,,,,,,,,,,,,,,,,,,,,
3417042-3,D,S,2503.0,615.0,NAO,,,,,,,,,,,,,,,,,,,,,,,,,
3417043-1,D,S,2503.0,615.0,NAO,,,,,,,,,,,,,,,,,,,,,,,,,
3417044-9,D,S,3481.0,855.0,NAO,,,,,,,,,,,,,,,,,,,,,,,,,
3417045-6,D,S,2503.0,2400.33,NAO,,,,,,,,,,,,,,,,,,,,,,,,,
3417046-4,D,S,2503.0,2503.0,SIM,,,,,,,,,,,,,,,,,,,,,,,,,
3417047-2,D,S,5007.0,1229.0,NAO,,,,,,,,,,,,,,,,,,,,,,,,,
3417048-0,D,S,5060.0,1242.0,NAO,,,,,,,,,,,,,,,,,,,,,,,,,
3417049-8,D,S,2983.0,732.0,NAO,,,,,,,,,,,,,,,,,,,,,,,,,
3417050-6,D,S,2503.0,2503.0,SIM,,,,,,,,,,,,,,,,,,,,,,,,,
3417051-4,D,S,2503.0,615.0,NAO,,,,,,,,,,,,,,,,,,,,,,,,,
3417052-2,D,S,2503.0,2503.0,SIM,,,,,,,,,,,,,,,,,,,,,,,,,
3417053-0,D,S,2503.0,615.0,NAO,,,,,,,,,,,,,,,,,,,,,,,,,
3417054-8,D,S,2503.0,2327.79,NAO,,,,,,,,,,,,,,,,,,,,,,,,,
3417055-5,D,S,3757.0,3494.01,NAO,,,,,,,,,,,,,,,,,,,,,,,,,
3417056-3,D,S,2503.0,2503.0,SIM,,,,,,,,,,,,,,,,,,,,,,,,,
3417057-1,D,S,3144.0,3144.0,SIM,,,,,,,,,,,,,,,,,,,,,,,,,
3417058-9,D,S,3663.0,899.0,NAO,,,,,,,,,,,,,,,,,,,,,,,,,
3417059-7,D,S,943.0,231.0,NAO,,,,,,,,,,,,,,,,,,,,,,,,,
3417060-5,D,S,860.0,211.0,NAO,,,,,,,,,,,,,,,,,,,,,,,,,
3417061-3,D,S,907.0,223.0,NAO,,,,,,,,,,,,,,,,,,,,,,,,,
3417062-1,D,S,596.0,146.0,NAO,,,,,,,,,,,,,,,,,,,,,,,,,
3417063-9,D,S,2499.0,613.0,NAO,,,,,,,,,,,,,,,,,,,,,,,,,
3417064-7,D,S,2490.0,611.0,NAO,,,,,,,,,,,,,,,,,,,,,,,,,
3417065-4,D,S,6803.0,1443.0,NAO,,,,,,,,,,,,,,,,,,,,,,,,,
3417066-2,D,S,3498.0,3498.0,SIM,,,,,,,,,,,,,,,,,,,,,,,,,
3417067-0,D,S,3498.0,742.0,NAO,,,,,,,,,,,,,,,,,,,,,,,,,
3417068-8,D,S,3086.0,2869.98,NAO,,,,,,,,,,,,,,,,,,,,,,,,,
3417069-6,D,S,1750.0,371.0,NAO,,,,,,,,,,,,,,,,,,,,,,,,,
3417070-4,D,S,3498.0,2742.9,NAO,,,,,,,,,,,,,,,,,,,,,,,,,
3417071-2,D,S,36372.0,31762.84,NAO,,,,,,,,,,,,,,,,,,,,,,,,,
3417072-0,D,S,2846.0,853.8,NAO,,,,,,,,,,,,,,,,,,,,,,,,,
3417073-8,D,S,1750.0,1750.0,SIM,,,,,,,,,,,,,,,,,,,,,,,,,
3417074-6,D,S,10036.0,2128.0,NAO,,,,,,,,,,,,,,,,,,,,,,,,,
3417075-3,D,S,3317.0,3237.44,NAO,,,,,,,,,,,,,,,,,,,,,,,,,
3417076-1,D,S,14240.0,3020.0,NAO,,,,,,,,,,,,,,,,,,,,,,,,,
3417077-9,D,S,10423.0,2210.0,NAO,,,,,,,,,,,,,,,,,,,,,,,,,
3417078-7,D,S,3709.0,3709.0,SIM,,,,,,,,,,,,,,,,,,,,,,,,,
3417079-5,D,S,1750.0,371.0,NAO,,,,,,,,,,,,,,,,,,,,,,,,,
3417080-3,D,S,6623.0,6623.0,SIM,,,,,,,,,,,,,,,,,,,,,,,,,
3417081-1,D,S,3498.0,3300.55,NAO,,,,,,,,,,,,,,,,,,,,,,,,,
3417082-9,D,S,5376.0,4999.68,NAO,,,,,,,,,,,,,,,,,,,,,,,,,
3417083-7,D,S,2199.0,466.0,NAO,,,,,,,,,,,,,,,,,,,,,,,,,
3417084-5,D,S,6623.0,1404.0,NAO,,,,,,,,,,,,,,,,,,,,,,,,,
3417085-2,D,S,4761.0,1010.0,NAO,,,,,,,,,,,,,,,,,,,,,,,,,
3417086-0,D,S,2124.0,450.0,NAO,,,,,,,,,,,,,,,,,,,,,,,,,
3417087-8,D,S,4538.0,977.0,NAO,,,,,,,,,,,,,,,,,,,,,,,,,
3417088-6,D,S,4181.0,900.0,NAO,,,,,,,,,,,,,,,,,,,,,,,,,
3417089-4,D,S,17827.0,3837.0,NAO,,,,,,,,,,,,,,,,,,,,,,,,,
3417090-2,D,S,9286.0,1999.0,NAO,,,,,,,,,,,,,,,,,,,,,,,,,
3417091-0,D,S,5010.0,5010.0,SIM,,,,,,,,,,,,,,,,,,,,,,,,,
3417092-8,D,S,4997.0,4997.0,SIM,,,,,,,,,,,,,,,,,,,,,,,,,
3417093-6,D,S,2082.0,448.0,NAO,,,,,,,,,,,,,,,,,,,,,,,,,
3417094-4,D,S,1903.0,1903.0,SIM,,,,,,,,,,,,,,,,,,,,,,,,,
3417095-1,D,S,2498.0,538.0,NAO,,,,,,,,,,,,,,,,,,,,,,,,,
3417096-9,D,S,2035.0,2035.0,SIM,,,,,,,,,,,,,,,,,,,,,,,,,
3417097-7,D,S,4740.0,4740.0,SIM,,,,,,,,,,,,,,,,,,,,,,,,,
3417098-5,D,S,15711.0,3382.0,NAO,,,,,,,,,,,,,,,,,,,,,,,,,
3417099-3,D,S,1666.0,1538.03,NAO,,,,,,,,,,,,,,,,,,,,,,,,,
3417100-9,D,S,10100.0,2174.0,NAO,,,,,,,,,,,,,,,,,,,,,,,,,
3417101-7,D,S,1666.0,1538.03,NAO,,,,,,,,,,,,,,,,,,,,,,,,,
3417102-5,D,S,3331.0,3075.24,NAO,,,,,,,,,,,,,,,,,,,,,,,,,
3417103-3,D,S,3331.0,3331.0,SIM,,,,,,,,,,,,,,,,,,,,,,,,,
3417104-1,D,S,4402.0,4093.86,NAO,,,,,,,,,,,,,,,,,,,,,,,,,
3417105-8,D,S,17643.0,17643.0,SIM,,,,,,,,,,,,,,,,,,,,,,,,,
3417106-6,D,S,3366.0,3297.69,NAO,,,,,,,,,,,,,,,,,,,,,,,,,
3417107-4,D,S,4251.0,915.0,NAO,,,,,,,,,,,,,,,,,,,,,,,,,
3417108-2,D,S,2355.0,507.0,NAO,,,,,,,,,,,,,,,,,,,,,,,,,
3417109-0,D,S,1285.0,277.0,NAO,,,,,,,,,,,,,,,,,,,,,,,,,
3417110-8,D,S,3569.0,768.0,NAO,,,,,,,,,,,,,,,,,,,,,,,,,
3417111-6,D,S,3977.0,856.0,NAO,,,,,,,,,,,,,,,,,,,,,,,,,
3417112-4,D,S,742.0,186.0,NAO,,,,,,,,,,,,,,,,,,,,,,,,,
3417113-2,D,S,990.0,248.0,NAO,,,,,,,,,,,,,,,,,,,,,,,,,
3417114-0,D,S,1139.0,285.0,NAO,,,,,,,,,,,,,,,,,,,,,,,,,
3417115-7,D,S,2951.0,738.0,NAO,,,,,,,,,,,,,,,,,,,,,,,,,
3417116-5,D,S,103681.0,25928.0,NAO,,,,,,,,,,,,,,,,,,,,,,,,,
3417117-3,D,S,1733.0,433.0,NAO,,,,,,,,,,,,,,,,,,,,,,,,,
3417118-1,D,S,2117.0,529.0,NAO,,,,,,,,,,,,,,,,,,,,,,,,,
3417119-9,D,S,3484.0,871.0,NAO,,,,,,,,,,,,,,,,,,,,,,,,,
3417120-7,D,S,10489.0,2197.0,NAO,,,,,,,,,,,,,,,,,,,,,,,,,
3417121-5,D,S,2595.0,543.0,NAO,,,,,,,,,,,,,,,,,,,,,,,,,
3417122-3,D,S,4977.0,4977.0,SIM,,,,,,,,,,,,,,,,,,,,,,,,,
3417123-1,D,S,5615.0,1176.0,NAO,,,,,,,,,,,,,,,,,,,,,,,,,
3417124-9,D,S,2838.0,2838.0,SIM,,,,,,,,,,,,,,,,,,,,,,,,,
3417125-6,D,S,7973.0,4673.1,NAO,,,,,,,,,,,,,,,,,,,,,,,,,
3417126-4,D,S,3397.0,3341.85,NAO,,,,,,,,,,,,,,,,,,,,,,,,,
3417127-2,D,S,1730.0,1608.9,NAO,,,,,,,,,,,,,,,,,,,,,,,,,
3417128-0,D,S,2224.0,2178.86,NAO,,,,,,,,,,,,,,,,,,,,,,,,,
3417129-8,D,S,6244.0,6117.29,NAO,,,,,,,,,,,,,,,,,,,,,,,,,
3417130-6,D,S,2038.0,600.03,NAO,,,,,,,,,,,,,,,,,,,,,,,,,
3417131-4,D,S,3830.0,802.0,NAO,,,,,,,,,,,,,,,,,,,,,,,,,
3417132-2,D,S,3459.0,3388.8,NAO,,,,,,,,,,,,,,,,,,,,,,,,,
3417133-0,D,S,2595.0,543.0,NAO,,,,,,,,,,,,,,,,,,,,,,,,,
3417134-8,D,S,1976.0,1976.0,SIM,,,,,,,,,,,,,,,,,,,,,,,,,
3417135-5,D,S,1730.0,362.0,NAO,,,,,,,,,,,,,,,,,,,,,,,,,
3417136-3,D,S,5811.0,5811.0,SIM,,,,,,,,,,,,,,,,,,,,,,,,,
3417137-1,D,S,2842.0,595.0,NAO,,,,,,,,,,,,,,,,,,,,,,,,,
3417138-9,D,S,3459.0,1037.7,NAO,,,,,,,,,,,,,,,,,,,,,,,,,
3417139-7,D,S,2595.0,778.5,NAO,,,,,,,,,,,,,,,,,,,,,,,,,
3417140-5,D,S,3904.0,3904.0,SIM,,,,,,,,,,,,,,,,,,,,,,,,,
3417141-3,D,S,4657.0,4657.0,SIM,,,,,,,,,,,,,,,,,,,,,,,,,
3417142-1,D,S,3707.0,776.0,NAO,,,,,,,,,,,,,,,,,,,,,,,,,
3417143-9,D,S,2595.0,543.0,NAO,,,,,,,,,,,,,,,,,,,,,,,,,
3417144-7,D,S,3724.0,2948.96,NAO,,,,,,,,,,,,,,,,,,,,,,,,,
3417145-4,D,S,2101.0,2058.36,NAO,,,,,,,,,,,,,,,,,,,,,,,,,
3417146-2,D,S,8478.0,8305.96,NAO,,,,,,,,,,,,,,,,,,,,,,,,,
3417147-0,D,S,4325.0,4081.83,NAO,,,,,,,,,,,,,,,,,,,,,,,,,
3417148-8,D,S,2767.0,2767.0,SIM,,,,,,,,,,,,,,,,,,,,,,,,,
3417149-6,D,S,12168.0,11921.08,NAO,,,,,,,,,,,,,,,,,,,,,,,,,
3417150-4,D,S,1730.0,362.0,NAO,,,,,,,,,,,,,,,,,,,,,,,,,
3417151-2,D,S,1730.0,1730.0,SIM,,,,,,,,,,,,,,,,,,,,,,,,,
3417152-0,D,S,3127.0,655.0,NAO,,,,,,,,,,,,,,,,,,,,,,,,,
3417153-8,D,S,3113.0,652.0,NAO,,,,,,,,,,,,,,,,,,,,,,,,,
3417154-6,D,S,2471.0,518.0,NAO,,,,,,,,,,,,,,,,,,,,,,,,,
3417155-3,D,S,475.0,100.0,NAO,,,,,,,,,,,,,,,,,,,,,,,,,
3417156-1,D,S,21753.0,21750.43,NAO,,,,,,,,,,,,,,,,,,,,,,,,,
3417157-9,D,S,12431.0,2448.0,NAO,,,,,,,,,,,,,,,,,,,,,,,,,
3417158-7,D,S,8052.0,8052.0,SIM,,,,,,,,,,,,,,,,,,,,,,,,,
3417159-5,D,S,6753.0,1330.0,NAO,,,,,,,,,,,,,,,,,,,,,,,,,
3417160-3,D,S,3254.0,3025.82,NAO,,,,,,,,,,,,,,,,,,,,,,,,,
3417161-1,D,S,14692.0,14692.0,SIM,,,,,,,,,,,,,,,,,,,,,,,,,
3417162-9,D,S,6108.0,1203.0,NAO,,,,,,,,,,,,,,,,,,,,,,,,,
3417163-7,D,S,13378.0,2635.0,NAO,,,,,,,,,,,,,,,,,,,,,,,,,
3417164-5,D,S,1627.0,1575.76,NAO,,,,,,,,,,,,,,,,,,,,,,,,,
3417165-2,D,S,10977.0,10668.49,NAO,,,,,,,,,,,,,,,,,,,,,,,,,
3417166-0,D,S,2429.0,971.3,NAO,,,,,,,,,,,,,,,,,,,,,,,,,
3417167-8,D,S,13015.0,2563.0,NAO,,,,,,,,,,,,,,,,,,,,,,,,,
3417168-6,D,S,3064.0,603.0,NAO,,,,,,,,,,,,,,,,,,,,,,,,,
3417169-4,D,S,16604.0,16604.0,SIM,,,,,,,,,,,,,,,,,,,,,,,,,
3417170-2,D,S,5661.0,1115.0,NAO,,,,,,,,,,,,,,,,,,,,,,,,,
3417171-0,D,S,2394.0,472.0,NAO,,,,,,,,,,,,,,,,,,,,,,,,,
3417172-8,D,S,4079.0,803.0,NAO,,,,,,,,,,,,,,,,,,,,,,,,,
3417173-6,D,S,1627.0,320.0,NAO,,,,,,,,,,,,,,,,,,,,,,,,,
3417174-4,D,S,465.0,92.0,NAO,,,,,,,,,,,,,,,,,,,,,,,,,
3417175-1,D,S,10131.0,1813.0,NAO,,,,,,,,,,,,,,,,,,,,,,,,,
3417176-9,D,S,20297.0,3632.0,NAO,,,,,,,,,,,,,,,,,,,,,,,,,
3417177-7,D,S,3330.0,3259.73,NAO,,,,,,,,,,,,,,,,,,,,,,,,,
3417178-5,D,S,5107.0,914.0,NAO,,,,,,,,,,,,,,,,,,,,,,,,,
3417179-3,D,S,4180.0,748.0,NAO,,,,,,,,,,,,,,,,,,,,,,,,,
3417180-1,D,S,11760.0,2104.0,NAO,,,,,,,,,,,,,,,,,,,,,,,,,
3417181-9,D,S,20261.0,19849.86,NAO,,,,,,,,,,,,,,,,,,,,,,,,,
3417182-7,D,S,1665.0,1617.57,NAO,,,,,,,,,,,,,,,,,,,,,,,,,
3417183-5,D,S,5036.0,901.0,NAO,,,,,,,,,,,,,,,,,,,,,,,,,
3417184-3,D,S,5547.0,2773.49,NAO,,,,,,,,,,,,,,,,,,,,,,,,,
3417185-0,D,S,4180.0,748.0,NAO,,,,,,,,,,,,,,,,,,,,,,,,,
3417186-8,D,S,5512.0,986.0,NAO,,,,,,,,,,,,,,,,,,,,,,,,,
3417187-6,D,S,16089.0,2879.0,NAO,,,,,,,,,,,,,,,,,,,,,,,,,
3417188-4,D,S,8359.0,8359.0,SIM,,,,,,,,,,,,,,,,,,,,,,,,,
3417189-2,D,S,11760.0,11760.0,SIM,,,,,,,,,,,,,,,,,,,,,,,,,
3417190-0,D,S,10706.0,10706.0,SIM,,,,,,,,,,,,,,,,,,,,,,,,,
3417191-8,D,S,4994.0,894.0,NAO,,,,,,,,,,,,,,,,,,,,,,,,,
3417192-6,D,S,2474.0,443.0,NAO,,,,,,,,,,,,,,,,,,,,,,,,,
3417193-4,D,S,1427.0,255.0,NAO,,,,,,,,,,,,,,,,,,,,,,,,,
3417194-2,D,S,7444.0,1332.0,NAO,,,,,,,,,,,,,,,,,,,,,,,,,
3417195-9,D,S,832.0,149.0,NAO,,,,,,,,,,,,,,,,,,,,,,,,,
3417196-7,D,S,2212.0,396.0,NAO,,,,,,,,,,,,,,,,,,,,,,,,,
3417202-3,D,S,3254.0,674.0,NAO,,,,,,,,,,,,,,,,,,,,,,,,,
3417203-1,D,S,2882.0,2882.0,SIM,,,,,,,,,,,,,,,,,,,,,,,,,
3417204-9,D,S,2033.0,421.0,NAO,,,,,,,,,,,,,,,,,,,,,,,,,
3417205-6,D,S,3082.0,638.0,NAO,,,,,,,,,,,,,,,,,,,,,,,,,
3417206-4,D,S,3439.0,3439.0,SIM,,,,,,,,,,,,,,,,,,,,,,,,,
3417207-2,D,S,2475.0,2301.75,NAO,,,,,,,,,,,,,,,,,,,,,,,,,
3417208-0,D,S,6809.0,6670.82,NAO,,,,,,,,,,,,,,,,,,,,,,,,,
3417209-8,D,S,3800.0,2629.15,NAO,,,,,,,,,,,,,,,,,,,,,,,,,
3417210-6,D,S,1162.0,348.59,NAO,,,,,,,,,,,,,,,,,,,,,,,,,
3417211-4,D,S,3289.0,3222.25,NAO,,,,,,,,,,,,,,,,,,,,,,,,,
3417212-2,D,S,1998.0,1998.0,SIM,,,,,,,,,,,,,,,,,,,,,,,,,
3417213-0,D,S,2440.0,505.0,NAO,,,,,,,,,,,,,,,,,,,,,,,,,
3417214-8,D,S,1975.0,1934.92,NAO,,,,,,,,,,,,,,,,,,,,,,,,,
3417215-5,D,S,2440.0,1456.56,NAO,,,,,,,,,,,,,,,,,,,,,,,,,
3417216-3,D,S,1626.0,337.0,NAO,,,,,,,,,,,,,,,,,,,,,,,,,
3417217-1,D,S,5637.0,5637.0,SIM,,,,,,,,,,,,,,,,,,,,,,,,,
3417218-9,D,S,1626.0,804.98,NAO,,,,,,,,,,,,,,,,,,,,,,,,,
3417219-7,D,S,5154.0,5030.98,NAO,,,,,,,,,,,,,,,,,,,,,,,,,
3417220-5,D,S,1940.0,1893.16,NAO,,,,,,,,,,,,,,,,,,,,,,,,,
3417221-3,D,S,3160.0,3095.87,NAO,,,,,,,,,,,,,,,,,,,,,,,,,
3417222-1,D,S,2859.0,2859.0,SIM,,,,,,,,,,,,,,,,,,,,,,,,,
3417223-9,D,S,2440.0,2381.48,NAO,,,,,,,,,,,,,,,,,,,,,,,,,
3417224-7,D,S,5478.0,1134.0,NAO,,,,,,,,,,,,,,,,,,,,,,,,,
3417225-4,D,S,4753.0,2885.2,NAO,,,,,,,,,,,,,,,,,,,,,,,,,
3417226-2,D,S,51853.0,50601.37,NAO,,,,,,,,,,,,,,,,,,,,,,,,,
3417227-0,D,S,2963.0,613.0,NAO,,,,,,,,,,,,,,,,,,,,,,,,,
3417228-8,D,S,2556.0,529.0,NAO,,,,,,,,,,,,,,,,,,,,,,,,,
3417229-6,D,S,3916.0,3071.12,NAO,,,,,,,,,,,,,,,,,,,,,,,,,
3417230-4,D,S,4085.0,846.0,NAO,,,,,,,,,,,,,,,,,,,,,,,,,
3417231-2,D,S,14769.0,5907.59,NAO,,,,,,,,,,,,,,,,,,,,,,,,,
3417232-0,D,S,6450.0,6272.46,NAO,,,,,,,,,,,,,,,,,,,,,,,,,
3417233-8,D,S,2678.0,2613.44,NAO,,,,,,,,,,,,,,,,,,,,,,,,,
3417234-6,D,S,3236.0,647.19,NAO,,,,,,,,,,,,,,,,,,,,,,,,,
3417235-3,D,S,4854.0,4513.58,NAO,,,,,,,,,,,,,,,,,,,,,,,,,
3417236-1,D,S,2052.0,2018.67,NAO,,,,,,,,,,,,,,,,,,,,,,,,,
3417237-9,D,S,8158.0,6394.67,NAO,,,,,,,,,,,,,,,,,,,,,,,,,
3417238-7,D,S,2820.0,2774.21,NAO,,,,,,,,,,,,,,,,,,,,,,,,,
3417239-5,D,S,2011.0,1869.98,NAO,,,,,,,,,,,,,,,,,,,,,,,,,
3417240-3,D,S,3236.0,1931.4,NAO,,,,,,,,,,,,,,,,,,,,,,,,,
3417241-1,D,S,6197.0,6171.84,NAO,,,,,,,,,,,,,,,,,,,,,,,,,
3417242-9,D,S,3270.0,1951.0,NAO,,,,,,,,,,,,,,,,,,,,,,,,,
3417243-7,D,S,2610.0,2610.0,SIM,,,,,,,,,,,,,,,,,,,,,,,,,
3417244-5,D,S,1618.0,1618.0,SIM,,,,,,,,,,,,,,,,,,,,,,,,,
3417245-2,D,S,2658.0,531.66,NAO,,,,,,,,,,,,,,,,,,,,,,,,,
3417246-0,D,S,1618.0,318.0,NAO,,,,,,,,,,,,,,,,,,,,,,,,,
3417247-8,D,S,4854.0,4513.58,NAO,,,,,,,,,,,,,,,,,,,,,,,,,
3417248-6,D,S,1618.0,1618.0,SIM,,,,,,,,,,,,,,,,,,,,,,,,,
3417249-4,D,S,2775.0,2775.0,SIM,,,,,,,,,,,,,,,,,,,,,,,,,
3417250-2,D,S,3236.0,637.0,NAO,,,,,,,,,,,,,,,,,,,,,,,,,
3417251-0,D,S,2427.0,477.0,NAO,,,,,,,,,,,,,,,,,,,,,,,,,
3417252-8,D,S,4854.0,955.0,NAO,,,,,,,,,,,,,,,,,,,,,,,,,
3417253-6,D,S,2427.0,477.0,NAO,,,,,,,,,,,,,,,,,,,,,,,,,
3417254-4,D,S,3178.0,3178.0,SIM,,,,,,,,,,,,,,,,,,,,,,,,,
3417255-1,D,S,1618.0,318.0,NAO,,,,,,,,,,,,,,,,,,,,,,,,,
3417256-9,D,S,18984.0,3735.0,NAO,,,,,,,,,,,,,,,,,,,,,,,,,
3417257-7,D,S,1618.0,1585.15,NAO,,,,,,,,,,,,,,,,,,,,,,,,,
3417258-5,D,S,1849.0,1849.0,SIM,,,,,,,,,,,,,,,,,,,,,,,,,
3417259-3,D,S,13597.0,2675.0,NAO,,,,,,,,,,,,,,,,,,,,,,,,,
3417260-1,D,S,8158.0,1605.0,NAO,,,,,,,,,,,,,,,,,,,,,,,,,
3417261-9,D,S,4819.0,948.0,NAO,,,,,,,,,,,,,,,,,,,,,,,,,
3417262-7,D,S,809.0,159.0,NAO,,,,,,,,,,,,,,,,,,,,,,,,,
3417263-5,D,S,1503.0,296.0,NAO,,,,,,,,,,,,,,,,,,,,,,,,,
3417264-3,D,S,1965.0,386.0,NAO,,,,,,,,,,,,,,,,,,,,,,,,,
3417265-0,D,S,2426.0,430.0,NAO,,,,,,,,,,,,,,,,,,,,,,,,,
3417266-8,D,S,3235.0,3235.0,SIM,,,,,,,,,,,,,,,,,,,,,,,,,
3417267-6,D,S,7367.0,7146.45,NAO,,,,,,,,,,,,,,,,,,,,,,,,,
3417268-4,D,S,6540.0,1158.0,NAO,,,,,,,,,,,,,,,,,,,,,,,,,
3417269-2,D,S,2219.0,1937.29,NAO,,,,,,,,,,,,,,,,,,,,,,,,,
3417270-0,D,S,3235.0,3235.0,SIM,,,,,,,,,,,,,,,,,,,,,,,,,
3417271-8,D,S,21934.0,3884.0,NAO,,,,,,,,,,,,,,,,,,,,,,,,,
3417272-6,D,S,2023.0,1980.2,NAO,,,,,,,,,,,,,,,,,,,,,,,,,
3417273-4,D,S,993.0,917.71,NAO,,,,,,,,,,,,,,,,,,,,,,,,,
3417274-2,D,S,4704.0,4704.0,SIM,,,,,,,,,,,,,,,,,,,,,,,,,
3417275-9,D,S,14733.0,14434.03,NAO,,,,,,,,,,,,,,,,,,,,,,,,,
3417276-7,D,S,4853.0,4853.0,SIM,,,,,,,,,,,,,,,,,,,,,,,,,
3417277-5,D,S,3235.0,3235.0,SIM,,,,,,,,,,,,,,,,,,,,,,,,,
3417278-3,D,S,3235.0,3182.48,NAO,,,,,,,,,,,,,,,,,,,,,,,,,
3417279-1,D,S,6443.0,4457.79,NAO,,,,,,,,,,,,,,,,,,,,,,,,,
3417280-9,D,S,24371.0,4316.0,NAO,,,,,,,,,,,,,,,,,,,,,,,,,
3417281-7,D,S,4853.0,4853.0,SIM,,,,,,,,,,,,,,,,,,,,,,,,,
3417282-5,D,S,3235.0,967.65,NAO,,,,,,,,,,,,,,,,,,,,,,,,,
3417283-3,D,S,2467.0,2292.05,NAO,,,,,,,,,,,,,,,,,,,,,,,,,
3417284-1,D,S,29675.0,5255.0,NAO,,,,,,,,,,,,,,,,,,,,,,,,,
3417285-8,D,S,5488.0,972.0,NAO,,,,,,,,,,,,,,,,,,,,,,,,,
3417286-6,D,S,474.0,464.37,NAO,,,,,,,,,,,,,,,,,,,,,,,,,
3417287-4,D,S,7245.0,1283.0,NAO,,,,,,,,,,,,,,,,,,,,,,,,,
3417288-2,D,S,6570.0,2628.0,NAO,,,,,,,,,,,,,,,,,,,,,,,,,
3417289-0,D,S,2106.0,2063.26,NAO,,,,,,,,,,,,,,,,,,,,,,,,,
3417290-8,D,S,2939.0,2879.35,NAO,,,,,,,,,,,,,,,,,,,,,,,,,
3417291-6,D,S,2571.0,2571.0,SIM,,,,,,,,,,,,,,,,,,,,,,,,,
3417292-4,D,S,2351.0,2303.29,NAO,,,,,,,,,,,,,,,,,,,,,,,,,
3417293-2,D,S,19981.0,19981.0,SIM,,,,,,,,,,,,,,,,,,,,,,,,,
3417294-0,D,S,2110.0,2110.0,SIM,,,,,,,,,,,,,,,,,,,,,,,,,
3417295-7,D,S,4406.0,4406.0,SIM,,,,,,,,,,,,,,,,,,,,,,,,,
3417296-5,D,S,4597.0,4441.82,NAO,,,,,,,,,,,,,,,,,,,,,,,,,
3417297-3,D,S,6073.0,1281.0,NAO,,,,,,,,,,,,,,,,,,,,,,,,,
3417298-1,D,S,10432.0,10220.31,NAO,,,,,,,,,,,,,,,,,,,,,,,,,
3417299-9,D,S,3036.0,640.0,NAO,,,,,,,,,,,,,,,,,,,,,,,,,
3417300-5,D,S,5265.0,5265.0,SIM,,,,,,,,,,,,,,,,,,,,,,,,,
3417301-3,D,S,8644.0,1823.0,NAO,,,,,,,,,,,,,,,,,,,,,,,,,
3417302-1,D,S,16545.0,3488.0,NAO,,,,,,,,,,,,,,,,,,,,,,,,,
3417303-9,D,S,6386.0,6256.41,NAO,,,,,,,,,,,,,,,,,,,,,,,,,
3417304-7,D,S,6931.0,3455.91,NAO,,,,,,,,,,,,,,,,,,,,,,,,,
3417305-4,D,S,5401.0,5291.4,NAO,,,,,,,,,,,,,,,,,,,,,,,,,
3417306-2,D,S,8608.0,8273.68,NAO,,,,,,,,,,,,,,,,,,,,,,,,,
3417307-0,D,S,8608.0,8273.68,NAO,,,,,,,,,,,,,,,,,,,,,,,,,
3417308-8,D,S,5021.0,1058.0,NAO,,,,,,,,,,,,,,,,,,,,,,,,,
3417309-6,D,S,2158.0,2158.0,SIM,,,,,,,,,,,,,,,,,,,,,,,,,
3417310-4,D,S,2755.0,2695.7,NAO,,,,,,,,,,,,,,,,,,,,,,,,,
3417311-2,D,S,17731.0,4753.1,NAO,,,,,,,,,,,,,,,,,,,,,,,,,
3417312-0,D,S,6429.0,6227.36,NAO,,,,,,,,,,,,,,,,,,,,,,,,,
3417313-8,D,S,2873.0,2873.0,SIM,,,,,,,,,,,,,,,,,,,,,,,,,
3417314-6,D,S,7189.0,1208.0,NAO,,,,,,,,,,,,,,,,,,,,,,,,,
3417315-3,D,S,5583.0,3162.61,NAO,,,,,,,,,,,,,,,,,,,,,,,,,
3417316-1,D,S,14115.0,13828.57,NAO,,,,,,,,,,,,,,,,,,,,,,,,,
3417317-9,D,S,1610.0,271.0,NAO,,,,,,,,,,,,,,,,,,,,,,,,,
3417318-7,D,S,2817.0,2616.19,NAO,,,,,,,,,,,,,,,,,,,,,,,,,
3417319-5,D,S,4340.0,4269.54,NAO,,,,,,,,,,,,,,,,,,,,,,,,,
3417320-3,D,S,4770.0,4770.0,SIM,,,,,,,,,,,,,,,,,,,,,,,,,
3417321-1,D,S,19377.0,17124.74,NAO,,,,,,,,,,,,,,,,,,,,,,,,,
3417322-9,D,S,3688.0,3688.0,SIM,,,,,,,,,,,,,,,,,,,,,,,,,
3417323-7,D,S,6302.0,6302.0,SIM,,,,,,,,,,,,,,,,,,,,,,,,,
3417324-5,D,S,42129.0,41222.36,NAO,,,,,,,,,,,,,,,,,,,,,,,,,
3417325-2,D,S,1817.0,1777.88,NAO,,,,,,,,,,,,,,,,,,,,,,,,,
3417326-0,D,S,3180.0,534.0,NAO,,,,,,,,,,,,,,,,,,,,,,,,,
3417327-8,D,S,2377.0,399.0,NAO,,,,,,,,,,,,,,,,,,,,,,,,,
3417328-6,D,S,3180.0,3180.0,SIM,,,,,,,,,,,,,,,,,,,,,,,,,
3417329-4,D,S,4657.0,4533.59,NAO,,,,,,,,,,,,,,,,,,,,,,,,,
3417330-2,D,S,3839.0,3839.0,SIM,,,,,,,,,,,,,,,,,,,,,,,,,
3417331-0,D,S,3941.0,3941.0,SIM,,,,,,,,,,,,,,,,,,,,,,,,,
3417332-8,D,S,4680.0,4555.25,NAO,,,,,,,,,,,,,,,,,,,,,,,,,
3417333-6,D,S,2328.0,391.0,NAO,,,,,,,,,,,,,,,,,,,,,,,,,
3417334-4,D,S,3278.0,3211.47,NAO,,,,,,,,,,,,,,,,,,,,,,,,,
3417335-1,D,S,4841.0,4762.39,NAO,,,,,,,,,,,,,,,,,,,,,,,,,
3417336-9,D,S,2086.0,2043.66,NAO,,,,,,,,,,,,,,,,,,,,,,,,,
3417337-7,D,S,4217.0,826.0,NAO,,,,,,,,,,,,,,,,,,,,,,,,,
3417338-5,D,S,2926.0,2866.61,NAO,,,,,,,,,,,,,,,,,,,,,,,,,
3417339-3,D,S,4171.0,4086.35,NAO,,,,,,,,,,,,,,,,,,,,,,,,,
3417340-1,D,S,4963.0,4862.27,NAO,,,,,,,,,,,,,,,,,,,,,,,,,
3417341-9,D,S,1669.0,1669.0,SIM,,,,,,,,,,,,,,,,,,,,,,,,,
3417342-7,D,S,2538.0,2486.49,NAO,,,,,,,,,,,,,,,,,,,,,,,,,
3417343-5,D,S,2944.0,577.0,NAO,,,,,,,,,,,,,,,,,,,,,,,,,
3417344-3,D,S,4171.0,4086.35,NAO,,,,,,,,,,,,,,,,,,,,,,,,,
3417345-0,D,S,5566.0,4896.44,NAO,,,,,,,,,,,,,,,,,,,,,,,,,
3417346-8,D,S,4171.0,4104.24,NAO,,,,,,,,,,,,,,,,,,,,,,,,,
3417347-6,D,S,2706.0,2663.16,NAO,,,,,,,,,,,,,,,,,,,,,,,,,
3417348-4,D,S,2556.0,2494.69,NAO,,,,,,,,,,,,,,,,,,,,,,,,,
3417349-2,D,S,12695.0,2487.0,NAO,,,,,,,,,,,,,,,,,,,,,,,,,
3417350-0,D,S,2479.0,486.0,NAO,,,,,,,,,,,,,,,,,,,,,,,,,
3417351-8,D,S,2801.0,549.0,NAO,,,,,,,,,,,,,,,,,,,,,,,,,
3417352-6,D,S,2837.0,556.0,NAO,,,,,,,,,,,,,,,,,,,,,,,,,
3417353-4,D,S,2086.0,2086.0,SIM,,,,,,,,,,,,,,,,,,,,,,,,,
3417354-2,D,S,3195.0,626.0,NAO,,,,,,,,,,,,,,,,,,,,,,,,,
3417355-9,D,S,2718.0,2718.0,SIM,,,,,,,,,,,,,,,,,,,,,,,,,
3417356-7,D,S,3649.0,3574.94,NAO,,,,,,,,,,,,,,,,,,,,,,,,,
3417357-5,D,S,2648.0,519.0,NAO,,,,,,,,,,,,,,,,,,,,,,,,,
3417358-3,D,S,4029.0,789.0,NAO,,,,,,,,,,,,,,,,,,,,,,,,,
3417359-1,D,S,2086.0,2043.35,NAO,,,,,,,,,,,,,,,,,,,,,,,,,
3417360-9,D,S,1562.0,306.0,NAO,,,,,,,,,,,,,,,,,,,,,,,,,
3417361-7,D,S,4217.0,2530.19,NAO,,,,,,,,,,,,,,,,,,,,,,,,,
3417362-5,D,S,4938.0,4837.79,NAO,,,,,,,,,,,,,,,,,,,,,,,,,
3417363-3,D,S,4171.0,4086.35,NAO,,,,,,,,,,,,,,,,,,,,,,,,,
3417364-1,D,S,3343.0,3108.44,NAO,,,,,,,,,,,,,,,,,,,,,,,,,
3417365-8,D,S,3111.0,1853.96,NAO,,,,,,,,,,,,,,,,,,,,,,,,,
3417366-6,D,S,7379.0,7377.85,NAO,,,,,,,,,,,,,,,,,,,,,,,,,
3417367-4,D,S,1931.0,772.39,NAO,,,,,,,,,,,,,,,,,,,,,,,,,
3417368-2,D,S,10174.0,1993.0,NAO,,,,,,,,,,,,,,,,,,,,,,,,,
3417369-0,D,S,12695.0,5078.0,NAO,,,,,,,,,,,,,,,,,,,,,,,,,
3417370-8,D,S,393.0,77.0,NAO,,,,,,,,,,,,,,,,,,,,,,,,,
3417371-6,D,S,1204.0,236.0,NAO,,,,,,,,,,,,,,,,,,,,,,,,,
3417372-4,D,S,3383.0,3383.0,SIM,,,,,,,,,,,,,,,,,,,,,,,,,
3417373-2,D,S,10148.0,9942.07,NAO,,,,,,,,,,,,,,,,,,,,,,,,,
3417374-0,D,S,2170.0,2126.96,NAO,,,,,,,,,,,,,,,,,,,,,,,,,
3417375-7,D,S,2660.0,533.0,NAO,,,,,,,,,,,,,,,,,,,,,,,,,
3417376-5,D,S,2910.0,2850.94,NAO,,,,,,,,,,,,,,,,,,,,,,,,,
3417377-3,D,S,6765.0,6765.0,SIM,,,,,,,,,,,,,,,,,,,,,,,,,
3417378-1,D,S,7090.0,6946.12,NAO,,,,,,,,,,,,,,,,,,,,,,,,,
3417379-9,D,S,3155.0,633.0,NAO,,,,,,,,,,,,,,,,,,,,,,,,,
3417380-7,D,S,4397.0,882.0,NAO,,,,,,,,,,,,,,,,,,,,,,,,,
3417381-5,D,S,6644.0,1332.0,NAO,,,,,,,,,,,,,,,,,,,,,,,,,
3417382-3,D,S,9405.0,1886.0,NAO,,,,,,,,,,,,,,,,,,,,,,,,,
3417383-1,D,S,6765.0,1356.0,NAO,,,,,,,,,,,,,,,,,,,,,,,,,
3417384-9,D,S,9128.0,8942.77,NAO,,,,,,,,,,,,,,,,,,,,,,,,,
3417385-6,D,S,2200.0,2156.35,NAO,,,,,,,,,,,,,,,,,,,,,,,,,
3417386-4,D,S,7303.0,7154.8,NAO,,,,,,,,,,,,,,,,,,,,,,,,,
3417387-2,D,S,11056.0,3316.8,NAO,,,,,,,,,,,,,,,,,,,,,,,,,
3417388-0,D,S,1673.0,335.0,NAO,,,,,,,,,,,,,,,,,,,,,,,,,
3417389-8,D,S,20151.0,20151.0,SIM,,,,,,,,,,,,,,,,,,,,,,,,,
3417390-6,D,S,5621.0,5621.0,SIM,,,,,,,,,,,,,,,,,,,,,,,,,
3417391-4,D,S,2510.0,503.0,NAO,,,,,,,,,,,,,,,,,,,,,,,,,
3417392-2,D,S,2510.0,2334.3,NAO,,,,,,,,,,,,,,,,,,,,,,,,,
3417393-0,D,S,1691.0,1657.47,NAO,,,,,,,,,,,,,,,,,,,,,,,,,
3417394-8,D,S,5020.0,1007.0,NAO,,,,,,,,,,,,,,,,,,,,,,,,,
3417395-5,D,S,3383.0,3314.34,NAO,,,,,,,,,,,,,,,,,,,,,,,,,
3417396-3,D,S,2868.0,575.0,NAO,,,,,,,,,,,,,,,,,,,,,,,,,
3417397-1,D,S,2831.0,568.0,NAO,,,,,,,,,,,,,,,,,,,,,,,,,
3417398-9,D,S,1793.0,359.0,NAO,,,,,,,,,,,,,,,,,,,,,,,,,
3417399-7,D,S,497.0,100.0,NAO,,,,,,,,,,,,,,,,,,,,,,,,,
3417400-3,D,S,9476.0,9283.7,NAO,,,,,,,,,,,,,,,,,,,,,,,,,
3417401-1,D,S,6182.0,6182.0,SIM,,,,,,,,,,,,,,,,,,,,,,,,,
3417402-9,D,S,2898.0,2898.0,SIM,,,,,,,,,,,,,,,,,,,,,,,,,
3417403-7,D,S,2555.0,2503.15,NAO,,,,,,,,,,,,,,,,,,,,,,,,,
3417404-5,D,S,5128.0,3547.97,NAO,,,,,,,,,,,,,,,,,,,,,,,,,
3417405-2,D,S,19054.0,18667.35,NAO,,,,,,,,,,,,,,,,,,,,,,,,,
3417406-0,D,S,3924.0,3844.37,NAO,,,,,,,,,,,,,,,,,,,,,,,,,
3417407-8,D,S,2344.0,2296.42,NAO,,,,,,,,,,,,,,,,,,,,,,,,,
3417408-6,D,S,3125.0,2871.89,NAO,,,,,,,,,,,,,,,,,,,,,,,,,
3417409-4,D,S,3907.0,3827.71,NAO,,,,,,,,,,,,,,,,,,,,,,,,,
3417410-2,D,S,3122.0,624.39,NAO,,,,,,,,,,,,,,,,,,,,,,,,,
3417411-0,D,S,1897.0,1858.49,NAO,,,,,,,,,,,,,,,,,,,,,,,,,
3417412-8,D,S,28631.0,5008.0,NAO,,,,,,,,,,,,,,,,,,,,,,,,,
3417413-6,D,S,20650.0,20211.05,NAO,,,,,,,,,,,,,,,,,,,,,,,,,
3417414-4,D,S,11039.0,10814.99,NAO,,,,,,,,,,,,,,,,,,,,,,,,,
3417415-1,D,S,13858.0,13858.0,SIM,,,,,,,,,,,,,,,,,,,,,,,,,
3417416-9,D,S,4687.0,937.39,NAO,,,,,,,,,,,,,,,,,,,,,,,,,
3417417-7,D,S,7847.0,7687.76,NAO,,,,,,,,,,,,,,,,,,,,,,,,,
3417418-5,D,S,7847.0,7680.17,NAO,,,,,,,,,,,,,,,,,,,,,,,,,
3417419-3,D,S,2471.0,2471.0,SIM,,,,,,,,,,,,,,,,,,,,,,,,,
3417420-1,D,S,2304.0,912.73,NAO,,,,,,,,,,,,,,,,,,,,,,,,,
3417421-9,D,S,1116.0,195.0,NAO,,,,,,,,,,,,,,,,,,,,,,,,,
3417422-7,D,S,759.0,133.0,NAO,,,,,,,,,,,,,,,,,,,,,,,,,
3417423-5,D,S,1495.0,262.0,NAO,,,,,,,,,,,,,,,,,,,,,,,,,
3417424-3,D,S,737.0,129.0,NAO,,,,,,,,,,,,,,,,,,,,,,,,,
3417199-1,D,S,41440.0,11161.0,NAO,,,,,,,,,,,,,,,,,,,,,,,,,
3417200-7,D,S,4236.0,1141.0,NAO,,,,,,,,,,,,,,,,,,,,,,,,,
3417201-5,D,S,4236.0,1141.0,NAO,,,,,,,,,,,,,,,,,,,,,,,,,
3417425-0,D,S,125750.0,0.0,NAO,D,S,526153.0,0.0,NAO,D,S,132667.0,106133.57,NAO,D,S,540301.0,0.0,NAO,D,S,555078.0,0.0,NAO,D,S,555078.0,444062.39,NAO
3417428-4,D,S,72191.0,0.0,NAO,D,S,302185.0,0.0,NAO,D,S,72191.0,72191.0,SIM,D,S,302185.0,0.0,NAO,D,S,302185.0,0.0,NAO,D,S,302185.0,0.0,NAO
3417429-2,D,S,28824.0,0.0,NAO,D,S,120837.0,0.0,NAO,D,S,28824.0,28239.1,NAO,D,S,120837.0,0.0,NAO,D,S,120837.0,0.0,NAO,D,S,120837.0,0.0,NAO
3417430-0,D,S,95296.0,0.0,NAO,D,S,432171.0,0.0,NAO,D,S,95296.0,0.0,NAO,D,S,432171.0,0.0,NAO,D,S,432171.0,0.0,NAO,D,S,432171.0,0.0,NAO
3417431-8,D,S,69281.0,0.0,NAO,D,S,314238.0,0.0,NAO,D,S,69281.0,0.0,NAO,D,S,314238.0,0.0,NAO,D,S,314238.0,0.0,NAO,D,S,314238.0,0.0,NAO
3417432-6,D,S,114489.0,0.0,NAO,D,S,519176.0,0.0,NAO,D,S,114489.0,0.0,NAO,D,S,519176.0,0.0,NAO,D,S,519176.0,0.0,NAO,D,S,519176.0,0.0,NAO
3417434-2,D,S,3504.0,0.0,NAO,D,S,15887.0,0.0,NAO,D,S,3504.0,0.0,NAO,D,S,15887.0,0.0,NAO,D,S,15887.0,0.0,NAO,D,S,15887.0,0.0,NAO
3417435-9,D,S,3749.0,0.0,NAO,D,S,16999.0,0.0,NAO,D,S,3749.0,0.0,NAO,D,S,16999.0,0.0,NAO,D,S,16999.0,0.0,NAO,D,S,16999.0,0.0,NAO
3417436-7,D,S,6151.0,0.0,NAO,D,S,27887.0,0.0,NAO,D,S,6151.0,0.0,NAO,D,S,27887.0,0.0,NAO,D,S,27887.0,0.0,NAO,D,S,27887.0,0.0,NAO
3417437-5,D,S,6363.0,0.0,NAO,D,S,28851.0,0.0,NAO,D,S,6363.0,0.0,NAO,D,S,28851.0,0.0,NAO,D,S,28851.0,0.0,NAO,D,S,28851.0,0.0,NAO
3417438-3,D,S,12718.0,0.0,NAO,D,S,57672.0,0.0,NAO,D,S,12718.0,0.0,NAO,D,S,57672.0,0.0,NAO,D,S,57672.0,0.0,NAO,D,S,57672.0,0.0,NAO
3417439-1,D,S,1871.0,0.0,NAO,D,S,8480.0,0.0,NAO,D,S,1871.0,0.0,NAO,D,S,8480.0,0.0,NAO,D,S,8480.0,0.0,NAO,D,S,8480.0,0.0,NAO
3417440-9,D,S,5416.0,0.0,NAO,D,S,24554.0,0.0,NAO,D,S,5416.0,0.0,NAO,D,S,24554.0,0.0,NAO,D,S,24554.0,0.0,NAO,D,S,24554.0,0.0,NAO
3417441-7,D,S,3131.0,0.0,NAO,D,S,14197.0,0.0,NAO,D,S,3131.0,0.0,NAO,D,S,14197.0,0.0,NAO,D,S,14197.0,0.0,NAO,D,S,14197.0,0.0,NAO
3417442-5,D,S,9393.0,0.0,NAO,D,S,42592.0,0.0,NAO,D,S,9393.0,9202.39,NAO,D,S,42592.0,0.0,NAO,D,S,42592.0,0.0,NAO,D,S,42592.0,41727.73,NAO
3417443-3,D,S,3124.0,0.0,NAO,D,S,14162.0,0.0,NAO,D,S,3124.0,3060.6,NAO,D,S,14162.0,0.0,NAO,D,S,14162.0,0.0,NAO,D,S,14162.0,13874.62,NAO
3417444-1,D,S,5416.0,0.0,NAO,D,S,24554.0,0.0,NAO,D,S,5416.0,5306.09,NAO,D,S,24554.0,0.0,NAO,D,S,24554.0,0.0,NAO,D,S,24554.0,0.0,NAO
3417445-8,D,S,9393.0,0.0,NAO,D,S,42592.0,0.0,NAO,D,S,9393.0,9202.39,NAO,D,S,42592.0,0.0,NAO,D,S,42592.0,0.0,NAO,D,S,42592.0,41727.72,NAO
3417446-6,D,S,3124.0,0.0,NAO,D,S,14162.0,0.0,NAO,D,S,3124.0,3060.59,NAO,D,S,14162.0,0.0,NAO,D,S,14162.0,0.0,NAO,D,S,14162.0,13874.61,NAO
3417447-4,D,S,3124.0,0.0,NAO,D,S,14162.0,0.0,NAO,D,S,3124.0,3060.59,NAO,D,S,14162.0,0.0,NAO,D,S,14162.0,0.0,NAO,D,S,14162.0,13874.61,NAO
3417448-2,D,S,10235.0,0.0,NAO,D,S,46414.0,0.0,NAO,D,S,10235.0,10027.31,NAO,D,S,46414.0,0.0,NAO,D,S,46414.0,0.0,NAO,D,S,46414.0,40837.1,NAO
3417449-0,D,S,2394.0,0.0,NAO,D,S,10848.0,0.0,NAO,D,S,2394.0,0.0,NAO,D,S,10848.0,0.0,NAO,D,S,10848.0,0.0,NAO,D,S,10848.0,0.0,NAO
3417450-8,D,S,3514.0,0.0,NAO,D,S,15932.0,0.0,NAO,D,S,3514.0,3092.03,NAO,D,S,15932.0,0.0,NAO,D,S,15932.0,0.0,NAO,D,S,15932.0,15488.63,NAO
3417451-6,D,S,5356.0,0.0,NAO,D,S,22419.0,0.0,NAO,D,S,5356.0,5247.31,NAO,D,S,22419.0,0.0,NAO,D,S,22419.0,0.0,NAO,D,S,22419.0,21964.07,NAO
3417452-4,D,S,3301.0,0.0,NAO,D,S,13812.0,0.0,NAO,D,S,3301.0,2904.61,NAO,D,S,13812.0,0.0,NAO,D,S,13812.0,0.0,NAO,D,S,13812.0,13427.63,NAO
3417453-2,D,S,11887.0,0.0,NAO,D,S,49766.0,0.0,NAO,D,S,11887.0,11645.78,NAO,D,S,49766.0,0.0,NAO,D,S,49766.0,0.0,NAO,D,S,49766.0,48756.16,NAO
3417454-0,D,S,10695.0,0.0,NAO,D,S,44775.0,0.0,NAO,D,S,10695.0,0.0,NAO,D,S,44775.0,0.0,NAO,D,S,44775.0,0.0,NAO,D,S,44775.0,0.0,NAO
3417455-7,D,S,8867.0,0.0,NAO,D,S,37125.0,0.0,NAO,D,S,8867.0,8687.07,NAO,D,S,37125.0,0.0,NAO,D,S,37125.0,0.0,NAO,D,S,37125.0,36371.66,NAO
3417456-5,D,S,3026.0,0.0,NAO,D,S,12664.0,0.0,NAO,D,S,3026.0,2854.35,NAO,D,S,12664.0,0.0,NAO,D,S,12664.0,0.0,NAO,D,S,12664.0,11871.3,NAO
3417457-3,D,S,2633.0,0.0,NAO,D,S,11020.0,0.0,NAO,D,S,2633.0,0.0,NAO,D,S,11020.0,0.0,NAO,D,S,11020.0,0.0,NAO,D,S,11020.0,0.0,NAO
3417458-1,D,S,2633.0,0.0,NAO,D,S,11020.0,0.0,NAO,D,S,2633.0,0.0,NAO,D,S,11020.0,0.0,NAO,D,S,11020.0,0.0,NAO,D,S,11020.0,0.0,NAO
3417459-9,D,S,2823.0,0.0,NAO,D,S,11818.0,0.0,NAO,D,S,2823.0,0.0,NAO,D,S,11818.0,0.0,NAO,D,S,11818.0,0.0,NAO,D,S,11818.0,0.0,NAO
3417460-7,D,S,3782.0,0.0,NAO,D,S,15827.0,0.0,NAO,D,S,3782.0,0.0,NAO,D,S,15827.0,0.0,NAO,D,S,15827.0,0.0,NAO,D,S,15827.0,0.0,NAO
3417461-5,D,S,2192.0,0.0,NAO,D,S,9175.0,0.0,NAO,D,S,2192.0,0.0,NAO,D,S,9175.0,0.0,NAO,D,S,9175.0,0.0,NAO,D,S,9175.0,0.0,NAO
3417462-3,D,S,29940.0,0.0,NAO,D,S,125307.0,0.0,NAO,D,S,29940.0,0.0,NAO,D,S,125307.0,0.0,NAO,D,S,125307.0,0.0,NAO,D,S,125307.0,0.0,NAO
3417463-1,D,S,12298.0,0.0,NAO,D,S,51466.0,0.0,NAO,D,S,12298.0,0.0,NAO,D,S,51466.0,0.0,NAO,D,S,51466.0,0.0,NAO,D,S,51466.0,0.0,NAO
3417464-9,D,S,16996.0,0.0,NAO,D,S,71128.0,0.0,NAO,D,S,16996.0,16582.14,NAO,D,S,71128.0,0.0,NAO,D,S,71128.0,0.0,NAO,D,S,71128.0,69396.02,NAO
3417465-6,D,S,4040.0,0.0,NAO,D,S,16904.0,0.0,NAO,D,S,4040.0,2825.5,NAO,D,S,16904.0,0.0,NAO,D,S,16904.0,0.0,NAO,D,S,16904.0,11822.41,NAO
3417466-4,D,S,4523.0,0.0,NAO,D,S,18924.0,0.0,NAO,D,S,4523.0,0.0,NAO,D,S,18924.0,0.0,NAO,D,S,18924.0,0.0,NAO,D,S,18924.0,0.0,NAO
3417467-2,D,S,15710.0,0.0,NAO,D,S,65749.0,0.0,NAO,D,S,15710.0,0.0,NAO,D,S,65749.0,0.0,NAO,D,S,65749.0,0.0,NAO,D,S,65749.0,0.0,NAO
3417468-0,D,S,18532.0,18532.0,SIM,,,,,,,,,,,,,,,,,,,,,,,,,
3417469-8,D,S,828.0,828.0,SIM,,,,,,,,,,,,,,,,,,,,,,,,,
3417470-6,D,S,6720.0,6583.63,NAO,,,,,,,,,,,,,,,,,,,,,,,,,
3417471-4,D,S,24822.0,17173.92,NAO,,,,,,,,,,,,,,,,,,,,,,,,,
3417472-2,D,S,37207.0,36452.0,NAO,,,,,,,,,,,,,,,,,,,,,,,,,
3417473-0,D,S,9297.0,0.0,NAO,D,S,38923.0,0.0,NAO,D,S,9297.0,0.0,NAO,D,S,38923.0,0.0,NAO,D,S,38923.0,0.0,NAO,D,S,38923.0,0.0,NAO
3417474-8,D,S,1062.0,0.0,NAO,D,S,4443.0,0.0,NAO,D,S,1062.0,0.0,NAO,D,S,4443.0,0.0,NAO,D,S,4443.0,0.0,NAO,D,S,4443.0,0.0,NAO
3417475-5,D,S,1514.0,0.0,NAO,D,S,6334.0,0.0,NAO,D,S,1514.0,0.0,NAO,D,S,6334.0,0.0,NAO,D,S,6334.0,0.0,NAO,D,S,6334.0,0.0,NAO
3417476-3,D,S,6586.0,0.0,NAO,D,S,27574.0,0.0,NAO,D,S,6586.0,0.0,NAO,D,S,27574.0,0.0,NAO,D,S,27574.0,0.0,NAO,D,S,27574.0,0.0,NAO
3417477-1,D,S,1195.0,0.0,NAO,D,S,5000.0,0.0,NAO,D,S,1195.0,0.0,NAO,D,S,5000.0,0.0,NAO,D,S,5000.0,0.0,NAO,D,S,5000.0,0.0,NAO
3417478-9,D,S,5976.0,0.0,NAO,D,S,25022.0,0.0,NAO,D,S,5976.0,0.0,NAO,D,S,25022.0,0.0,NAO,D,S,25022.0,0.0,NAO,D,S,25022.0,0.0,NAO
3417479-7,D,S,3415.0,0.0,NAO,D,S,14295.0,0.0,NAO,D,S,3415.0,0.0,NAO,D,S,14295.0,0.0,NAO,D,S,14295.0,0.0,NAO,D,S,14295.0,0.0,NAO
3417480-5,D,S,2291.0,0.0,NAO,D,S,9587.0,0.0,NAO,D,S,2291.0,0.0,NAO,D,S,9587.0,0.0,NAO,D,S,9587.0,0.0,NAO,D,S,9587.0,0.0,NAO
3417481-3,D,S,1070.0,0.0,NAO,D,S,4475.0,0.0,NAO,D,S,1070.0,0.0,NAO,D,S,4475.0,0.0,NAO,D,S,4475.0,0.0,NAO,D,S,4475.0,0.0,NAO
3417482-1,D,S,1566.0,0.0,NAO,D,S,6549.0,0.0,NAO,D,S,1566.0,0.0,NAO,D,S,6549.0,0.0,NAO,D,S,6549.0,0.0,NAO,D,S,6549.0,0.0,NAO
3417483-9,D,S,1542.0,0.0,NAO,D,S,6448.0,0.0,NAO,D,S,1542.0,0.0,NAO,D,S,6448.0,0.0,NAO,D,S,6448.0,0.0,NAO,D,S,6448.0,0.0,NAO
3417484-7,D,S,4411.0,0.0,NAO,D,S,18465.0,0.0,NAO,D,S,4411.0,0.0,NAO,D,S,18465.0,0.0,NAO,D,S,18465.0,0.0,NAO,D,S,18465.0,0.0,NAO
3417485-4,D,S,4353.0,0.0,NAO,D,S,18222.0,0.0,NAO,D,S,4353.0,4264.66,NAO,D,S,18222.0,0.0,NAO,D,S,18222.0,0.0,NAO,D,S,18222.0,0.0,NAO
3417486-2,D,S,7543.0,0.0,NAO,D,S,31578.0,0.0,NAO,D,S,7543.0,0.0,NAO,D,S,31578.0,0.0,NAO,D,S,31578.0,0.0,NAO,D,S,31578.0,0.0,NAO
3417487-0,D,S,2708.0,0.0,NAO,D,S,11334.0,0.0,NAO,D,S,2708.0,1039.23,NAO,D,S,11334.0,0.0,NAO,D,S,11334.0,0.0,NAO,D,S,11334.0,0.0,NAO
3417488-8,D,S,7911.0,0.0,NAO,D,S,33138.0,0.0,NAO,D,S,7911.0,7911.0,SIM,D,S,33138.0,0.0,NAO,D,S,33138.0,0.0,NAO,D,S,33138.0,33138.0,SIM
3417489-6,D,S,7911.0,0.0,NAO,D,S,33138.0,0.0,NAO,D,S,7911.0,7911.0,SIM,D,S,33138.0,0.0,NAO,D,S,33138.0,0.0,NAO,D,S,33138.0,33138.0,SIM
3417490-4,D,S,15324.0,0.0,NAO,D,S,64183.0,0.0,NAO,D,S,15324.0,0.0,NAO,D,S,64183.0,0.0,NAO,D,S,64183.0,0.0,NAO,D,S,64183.0,0.0,NAO
3417491-2,D,S,1062.0,0.0,NAO,D,S,4443.0,0.0,NAO,D,S,1062.0,0.0,NAO,D,S,4443.0,0.0,NAO,D,S,4443.0,0.0,NAO,D,S,4443.0,0.0,NAO
3417492-0,D,S,6519.0,0.0,NAO,D,S,27305.0,0.0,NAO,D,S,6519.0,0.0,NAO,D,S,27305.0,0.0,NAO,D,S,27305.0,0.0,NAO,D,S,27305.0,0.0,NAO
3417493-8,D,S,1909.0,0.0,NAO,D,S,7992.0,0.0,NAO,D,S,1909.0,1870.25,NAO,D,S,7992.0,0.0,NAO,D,S,7992.0,0.0,NAO,D,S,7992.0,7829.82,NAO
3417494-6,D,S,2452.0,0.0,NAO,D,S,10268.0,0.0,NAO,D,S,2452.0,2402.24,NAO,D,S,10268.0,0.0,NAO,D,S,10268.0,0.0,NAO,D,S,10268.0,10059.64,NAO
3417495-3,D,S,6698.0,0.0,NAO,D,S,28040.0,0.0,NAO,D,S,6698.0,0.0,NAO,D,S,28040.0,0.0,NAO,D,S,28040.0,0.0,NAO,D,S,28040.0,0.0,NAO
3417496-1,D,S,13821.0,0.0,NAO,D,S,57871.0,0.0,NAO,D,S,13821.0,0.0,NAO,D,S,57871.0,0.0,NAO,D,S,57871.0,0.0,NAO,D,S,57871.0,0.0,NAO
3417497-9,D,S,10997.0,0.0,NAO,D,S,46041.0,0.0,NAO,D,S,10997.0,0.0,NAO,D,S,46041.0,0.0,NAO,D,S,46041.0,0.0,NAO,D,S,46041.0,0.0,NAO
3417498-7,D,S,10667.0,0.0,NAO,D,S,44661.0,0.0,NAO,D,S,10667.0,0.0,NAO,D,S,44661.0,0.0,NAO,D,S,44661.0,0.0,NAO,D,S,44661.0,0.0,NAO
3417499-5,D,S,3419.0,0.0,NAO,D,S,14309.0,0.0,NAO,D,S,3419.0,0.0,NAO,D,S,14309.0,0.0,NAO,D,S,14309.0,0.0,NAO,D,S,14309.0,0.0,NAO
3417500-0,D,S,1473.0,0.0,NAO,D,S,6166.0,0.0,NAO,D,S,1473.0,0.0,NAO,D,S,6166.0,0.0,NAO,D,S,6166.0,0.0,NAO,D,S,6166.0,0.0,NAO
3417501-8,D,S,6911.0,0.0,NAO,D,S,28931.0,0.0,NAO,D,S,6911.0,0.0,NAO,D,S,28931.0,0.0,NAO,D,S,28931.0,0.0,NAO,D,S,28931.0,0.0,NAO
3417502-6,D,S,14442.0,0.0,NAO,D,S,54918.0,0.0,NAO,D,S,14442.0,0.0,NAO,D,S,54918.0,0.0,NAO,D,S,54918.0,0.0,NAO,D,S,60428.0,0.0,NAO
3417503-4,D,S,8937.0,0.0,NAO,D,S,33734.0,0.0,NAO,D,S,8937.0,0.0,NAO,D,S,33734.0,0.0,NAO,D,S,33734.0,0.0,NAO,D,S,37393.0,0.0,NAO
3417504-2,D,S,46251.0,0.0,NAO,D,S,180156.0,0.0,NAO,D,S,46251.0,0.0,NAO,D,S,180156.0,0.0,NAO,D,S,180156.0,0.0,NAO,D,S,193540.0,0.0,NAO
3417505-9,D,S,12761.0,0.0,NAO,D,S,48288.0,0.0,NAO,D,S,12761.0,0.0,NAO,D,S,48288.0,0.0,NAO,D,S,48288.0,0.0,NAO,D,S,53396.0,0.0,NAO
3417506-7,D,S,20209.0,0.0,NAO,D,S,103764.0,0.0,NAO,D,S,20209.0,0.0,NAO,D,S,103764.0,0.0,NAO,D,S,103764.0,0.0,NAO,D,S,84563.0,0.0,NAO
3417507-5,D,S,4916.0,0.0,NAO,D,S,29028.0,0.0,NAO,D,S,4916.0,4916.0,SIM,D,S,29028.0,0.0,NAO,D,S,29028.0,0.0,NAO,D,S,20568.0,20568.0,SIM
3417508-3,D,S,5907.0,0.0,NAO,D,S,24794.0,0.0,NAO,D,S,5907.0,1181.39,NAO,D,S,24794.0,0.0,NAO,D,S,24794.0,0.0,NAO,D,S,24794.0,0.0,NAO
3417509-1,D,S,5108.0,0.0,NAO,D,S,21441.0,0.0,NAO,D,S,5108.0,0.0,NAO,D,S,21441.0,0.0,NAO,D,S,21441.0,0.0,NAO,D,S,21441.0,0.0,NAO
3417510-9,D,S,2241.0,0.0,NAO,D,S,9401.0,0.0,NAO,D,S,2241.0,0.0,NAO,D,S,9401.0,0.0,NAO,D,S,9401.0,0.0,NAO,D,S,9401.0,0.0,NAO
3417511-7,D,S,2059.0,0.0,NAO,D,S,8639.0,0.0,NAO,D,S,2059.0,0.0,NAO,D,S,8639.0,0.0,NAO,D,S,8639.0,0.0,NAO,D,S,8639.0,0.0,NAO
3417512-5,D,S,3668.0,0.0,NAO,D,S,15392.0,0.0,NAO,D,S,3668.0,0.0,NAO,D,S,15392.0,0.0,NAO,D,S,15392.0,0.0,NAO,D,S,15392.0,0.0,NAO
3417516-6,D,S,161275.0,0.0,NAO,D,S,672855.0,0.0,NAO,D,S,132143.0,103032.99,NAO,D,S,613376.0,0.0,NAO,D,S,551365.0,0.0,NAO,D,S,551365.0,0.0,NAO
3417517-4,D,S,12776.0,0.0,NAO,D,S,53584.0,0.0,NAO,D,S,12776.0,3689.02,NAO,D,S,53584.0,0.0,NAO,D,S,53584.0,0.0,NAO,D,S,53584.0,0.0,NAO
3417518-2,D,S,55582.0,0.0,NAO,D,S,232093.0,0.0,NAO,D,S,55582.0,0.0,NAO,D,S,232093.0,0.0,NAO,D,S,232093.0,0.0,NAO,D,S,232093.0,0.0,NAO
3417519-0,D,S,166444.0,0.0,NAO,D,S,752574.0,0.0,NAO,D,S,166444.0,0.0,NAO,D,S,752574.0,0.0,NAO,D,S,752574.0,0.0,NAO,D,S,752574.0,0.0,NAO
3417520-8,D,S,108163.0,0.0,NAO,D,S,489121.0,0.0,NAO,D,S,108163.0,0.0,NAO,D,S,489121.0,0.0,NAO,D,S,489121.0,0.0,NAO,D,S,489121.0,0.0,NAO
3417523-2,D,S,7490.0,0.0,NAO,D,S,28542.0,0.0,NAO,D,S,7490.0,7490.0,SIM,D,S,28542.0,0.0,NAO,D,S,28542.0,0.0,NAO,D,S,28542.0,0.0,NAO
3417426-8,D,S,118360.0,0.0,NAO,D,S,495249.0,0.0,NAO,D,S,118252.0,118252.0,SIM,D,S,495028.0,0.0,NAO,D,S,494797.0,0.0,NAO,D,S,494797.0,0.0,NAO
